[
  {
    "iata": "EZE",
    "ciudad": "Buenos Aires",
    "nombre": "Ministro Pistarini (Ezeiza)",
    "pais": "Argentina"
  },
  {
    "iata": "AEP",
    "ciudad": "Buenos Aires",
    "nombre": "Aeroparque Jorge Newbery",
    "pais": "Argentina"
  },
  {
    "iata": "COR",
    "ciudad": "Córdoba",
    "nombre": "Ingeniero Ambrosio Taravella",
    "pais": "Argentina"
  },
  {
    "iata": "MDZ",
    "ciudad": "Mendoza",
    "nombre": "El Plumerillo",
    "pais": "Argentina"
  },
  {
    "iata": "ROS",
    "ciudad": "Rosario",
    "nombre": "Islas Malvinas",
    "pais": "Argentina"
  },
  {
    "iata": "SCL",
    "ciudad": "Santiago",
    "nombre": "Arturo Merino Benítez",
    "pais": "Chile"
  },
  {
    "iata": "ANF",
    "ciudad": "Antofagasta",
    "nombre": "Cerro Moreno",
    "pais": "Chile"
  },
  {
    "iata": "IQQ",
    "ciudad": "Iquique",
    "nombre": "Diego Aracena",
    "pais": "Chile"
  },
  {
    "iata": "PUQ",
    "ciudad": "Punta Arenas",
    "nombre": "Presidente Carlos Ibáñez del Campo",
    "pais": "Chile"
  },
  {
    "iata": "LIM",
    "ciudad": "Lima",
    "nombre": "Jorge Chávez",
    "pais": "Perú"
  },
  {
    "iata": "CUZ",
    "ciudad": "Cusco",
    "nombre": "Alejandro Velasco Astete",
    "pais": "Perú"
  },
  {
    "iata": "AQP",
    "ciudad": "Arequipa",
    "nombre": "Rodríguez Ballón",
    "pais": "Perú"
  },
  {
    "iata": "BOG",
    "ciudad": "Bogotá",
    "nombre": "El Dorado",
    "pais": "Colombia"
  },
  {
    "iata": "CLO",
    "ciudad": "Cali",
    "nombre": "Alfonso Bonilla Aragón",
    "pais": "Colombia"
  },
  {
    "iata": "MDE",
    "ciudad": "Medellín",
    "nombre": "José María Córdova",
    "pais": "Colombia"
  },
  {
    "iata": "GYE",
    "ciudad": "Guayaquil",
    "nombre": "José Joaquín de Olmedo",
    "pais": "Ecuador"
  },
  {
    "iata": "UIO",
    "ciudad": "Quito",
    "nombre": "Mariscal Sucre",
    "pais": "Ecuador"
  },
  {
    "iata": "MEX",
    "ciudad": "Ciudad de México",
    "nombre": "Benito Juárez",
    "pais": "México"
  },
  {
    "iata": "CUN",
    "ciudad": "Cancún",
    "nombre": "Cancún International",
    "pais": "México"
  },
  {
    "iata": "GDL",
    "ciudad": "Guadalajara",
    "nombre": "Miguel Hidalgo y Costilla",
    "pais": "México"
  },
  {
    "iata": "MTY",
    "ciudad": "Monterrey",
    "nombre": "General Mariano Escobedo",
    "pais": "México"
  },
  {
    "iata": "PTY",
    "ciudad": "Ciudad de Panamá",
    "nombre": "Tocumen International",
    "pais": "Panamá"
  },
  {
    "iata": "GRU",
    "ciudad": "São Paulo",
    "nombre": "Guarulhos",
    "pais": "Brasil"
  },
  {
    "iata": "CGH",
    "ciudad": "São Paulo",
    "nombre": "Congonhas",
    "pais": "Brasil"
  },
  {
    "iata": "GIG",
    "ciudad": "Río de Janeiro",
    "nombre": "Galeão",
    "pais": "Brasil"
  },
  {
    "iata": "SDU",
    "ciudad": "Río de Janeiro",
    "nombre": "Santos Dumont",
    "pais": "Brasil"
  },
  {
    "iata": "BSB",
    "ciudad": "Brasilia",
    "nombre": "Presidente Juscelino Kubitschek",
    "pais": "Brasil"
  },
  {
    "iata": "SSA",
    "ciudad": "Salvador",
    "nombre": "Dep. Luís Eduardo Magalhães",
    "pais": "Brasil"
  },
  {
    "iata": "FOR",
    "ciudad": "Fortaleza",
    "nombre": "Pinto Martins",
    "pais": "Brasil"
  },
  {
    "iata": "REC",
    "ciudad": "Recife",
    "nombre": "Guararapes",
    "pais": "Brasil"
  },
  {
    "iata": "CDG",
    "ciudad": "París",
    "nombre": "Charles de Gaulle",
    "pais": "Francia"
  },
  {
    "iata": "ORY",
    "ciudad": "París",
    "nombre": "Orly",
    "pais": "Francia"
  },
  {
    "iata": "MAD",
    "ciudad": "Madrid",
    "nombre": "Adolfo Suárez Madrid-Barajas",
    "pais": "España"
  },
  {
    "iata": "BCN",
    "ciudad": "Barcelona",
    "nombre": "El Prat",
    "pais": "España"
  },
  {
    "iata": "AGP",
    "ciudad": "Málaga",
    "nombre": "Costa del Sol",
    "pais": "España"
  },
  {
    "iata": "LIS",
    "ciudad": "Lisboa",
    "nombre": "Humberto Delgado",
    "pais": "Portugal"
  },
  {
    "iata": "OPO",
    "ciudad": "Oporto",
    "nombre": "Francisco Sá Carneiro",
    "pais": "Portugal"
  },
  {
    "iata": "FCO",
    "ciudad": "Roma",
    "nombre": "Leonardo da Vinci-Fiumicino",
    "pais": "Italia"
  },
  {
    "iata": "MXP",
    "ciudad": "Milán",
    "nombre": "Malpensa",
    "pais": "Italia"
  },
  {
    "iata": "ATH",
    "ciudad": "Atenas",
    "nombre": "Eleftherios Venizelos",
    "pais": "Grecia"
  },
  {
    "iata": "FRA",
    "ciudad": "Fráncfort",
    "nombre": "Fráncfort del Meno",
    "pais": "Alemania"
  },
  {
    "iata": "MUC",
    "ciudad": "Múnich",
    "nombre": "Franz Josef Strauss",
    "pais": "Alemania"
  },
  {
    "iata": "BER",
    "ciudad": "Berlín",
    "nombre": "Brandenburg",
    "pais": "Alemania"
  },
  {
    "iata": "AMS",
    "ciudad": "Ámsterdam",
    "nombre": "Schiphol",
    "pais": "Países Bajos"
  },
  {
    "iata": "ZRH",
    "ciudad": "Zúrich",
    "nombre": "Zúrich",
    "pais": "Suiza"
  },
  {
    "iata": "BRU",
    "ciudad": "Bruselas",
    "nombre": "Brussels Airport",
    "pais": "Bélgica"
  },
  {
    "iata": "LHR",
    "ciudad": "Londres",
    "nombre": "Heathrow",
    "pais": "Reino Unido"
  },
  {
    "iata": "LGW",
    "ciudad": "Londres",
    "nombre": "Gatwick",
    "pais": "Reino Unido"
  },
  {
    "iata": "STN",
    "ciudad": "Londres",
    "nombre": "Stansted",
    "pais": "Reino Unido"
  },
  {
    "iata": "MAN",
    "ciudad": "Mánchester",
    "nombre": "Manchester Airport",
    "pais": "Reino Unido"
  },
  {
    "iata": "DUB",
    "ciudad": "Dublín",
    "nombre": "Dublin Airport",
    "pais": "Irlanda"
  },
  {
    "iata": "CPH",
    "ciudad": "Copenhague",
    "nombre": "Kastrup",
    "pais": "Dinamarca"
  },
  {
    "iata": "ARN",
    "ciudad": "Estocolmo",
    "nombre": "Arlanda",
    "pais": "Suecia"
  },
  {
    "iata": "HEL",
    "ciudad": "Helsinki",
    "nombre": "Vantaa",
    "pais": "Finlandia"
  },
  {
    "iata": "OSL",
    "ciudad": "Oslo",
    "nombre": "Gardermoen",
    "pais": "Noruega"
  },
  {
    "iata": "VIE",
    "ciudad": "Viena",
    "nombre": "Vienna International",
    "pais": "Austria"
  },
  {
    "iata": "PRG",
    "ciudad": "Praga",
    "nombre": "Václav Havel",
    "pais": "República Checa"
  },
  {
    "iata": "BUD",
    "ciudad": "Budapest",
    "nombre": "Ferenc Liszt",
    "pais": "Hungría"
  },
  {
    "iata": "WAW",
    "ciudad": "Varsovia",
    "nombre": "Chopin",
    "pais": "Polonia"
  },
  {
    "iata": "JFK",
    "ciudad": "Nueva York",
    "nombre": "John F. Kennedy",
    "pais": "Estados Unidos"
  },
  {
    "iata": "EWR",
    "ciudad": "Nueva York",
    "nombre": "Newark Liberty",
    "pais": "Estados Unidos"
  },
  {
    "iata": "LGA",
    "ciudad": "Nueva York",
    "nombre": "LaGuardia",
    "pais": "Estados Unidos"
  },
  {
    "iata": "MIA",
    "ciudad": "Miami",
    "nombre": "Miami International",
    "pais": "Estados Unidos"
  },
  {
    "iata": "ORD",
    "ciudad": "Chicago",
    "nombre": "O'Hare",
    "pais": "Estados Unidos"
  },
  {
    "iata": "ATL",
    "ciudad": "Atlanta",
    "nombre": "Hartsfield-Jackson",
    "pais": "Estados Unidos"
  },
  {
    "iata": "DFW",
    "ciudad": "Dallas",
    "nombre": "Dallas/Fort Worth",
    "pais": "Estados Unidos"
  },
  {
    "iata": "LAX",
    "ciudad": "Los Ángeles",
    "nombre": "Los Angeles International",
    "pais": "Estados Unidos"
  },
  {
    "iata": "SFO",
    "ciudad": "San Francisco",
    "nombre": "San Francisco International",
    "pais": "Estados Unidos"
  },
  {
    "iata": "SEA",
    "ciudad": "Seattle",
    "nombre": "Seattle-Tacoma",
    "pais": "Estados Unidos"
  },
  {
    "iata": "YYZ",
    "ciudad": "Toronto",
    "nombre": "Pearson International",
    "pais": "Canadá"
  },
  {
    "iata": "YUL",
    "ciudad": "Montreal",
    "nombre": "Pierre Elliott Trudeau",
    "pais": "Canadá"
  },
  {
    "iata": "YVR",
    "ciudad": "Vancouver",
    "nombre": "Vancouver International",
    "pais": "Canadá"
  },
  {
    "iata": "DXB",
    "ciudad": "Dubái",
    "nombre": "Dubai International",
    "pais": "Emiratos Árabes Unidos"
  },
  {
    "iata": "DOH",
    "ciudad": "Doha",
    "nombre": "Hamad International",
    "pais": "Catar"
  },
  {
    "iata": "DEL",
    "ciudad": "Delhi",
    "nombre": "Indira Gandhi",
    "pais": "India"
  },
  {
    "iata": "BOM",
    "ciudad": "Bombay",
    "nombre": "Chhatrapati Shivaji",
    "pais": "India"
  },
  {
    "iata": "HKG",
    "ciudad": "Hong Kong",
    "nombre": "Hong Kong International",
    "pais": "China"
  },
  {
    "iata": "PEK",
    "ciudad": "Pekín",
    "nombre": "Beijing Capital",
    "pais": "China"
  },
  {
    "iata": "PVG",
    "ciudad": "Shanghái",
    "nombre": "Pudong",
    "pais": "China"
  },
  {
    "iata": "ICN",
    "ciudad": "Seúl",
    "nombre": "Incheon",
    "pais": "Corea del Sur"
  },
  {
    "iata": "NRT",
    "ciudad": "Tokio",
    "nombre": "Narita",
    "pais": "Japón"
  },
  {
    "iata": "HND",
    "ciudad": "Tokio",
    "nombre": "Haneda",
    "pais": "Japón"
  },
  {
    "iata": "SIN",
    "ciudad": "Singapur",
    "nombre": "Changi",
    "pais": "Singapur"
  },
  {
    "iata": "SYD",
    "ciudad": "Sídney",
    "nombre": "Kingsford Smith",
    "pais": "Australia"
  },
  {
    "iata": "MEL",
    "ciudad": "Melbourne",
    "nombre": "Tullamarine",
    "pais": "Australia"
  },
  {
    "iata": "AKL",
    "ciudad": "Auckland",
    "nombre": "Auckland Airport",
    "pais": "Nueva Zelanda"
  },
  {
    "iata": "JNB",
    "ciudad": "Johannesburgo",
    "nombre": "O. R. Tambo",
    "pais": "Sudáfrica"
  },
  {
    "iata": "CPT",
    "ciudad": "Ciudad del Cabo",
    "nombre": "Cape Town International",
    "pais": "Sudáfrica"
  },
  {
    "iata": "CAI",
    "ciudad": "El Cairo",
    "nombre": "Cairo International",
    "pais": "Egipto"
  }
]
